Jobs,Processors,Cooling,Run,Time,BestK2
13000,2,L,,50.73,1.43563e+09
13000,2,B,,0.58,2.14832e+09
13000,2,C,,62.30,1.44542e+09
